<?xml version="1.0" encoding="UTF-8"?>
<!DOCTYPE suite SYSTEM "http://testng.org/testng-1.0.dtd">
<suite name="New ATI Project" preserve-order="true" >

	<listeners>
		<listener
			class-name="com.ascendlearning.automation.ui.listeners.AnnotationTransformer" />
		<listener class-name="com.jaca.ReportAdapterListener"></listener>
		<listener class-name="com.automation.newati.listener.MyTestListenerAdapter"></listener>
	</listeners>

	<test name="Verification for smoke suit">
		<classes>
			
		<!-- Total  1-->
		
		<class name="com.automation.newati.smoke.PulseUserSmokeTest3"></class>
		
		</classes>
	</test>
</suite>   
