<?xml version="1.0" encoding="UTF-8"?>
<!DOCTYPE suite SYSTEM "http://testng.org/testng-1.0.dtd">
<suite name="New ATI Project">
	<!-- Total 6 -->
	<test name="Verification for RecentActivity and Lilnks">
		<classes>
			<!-- <class name="com.automation.newati.regression.learntab.EBook_ProdTest"></class> -->		<!-- 1 test cases -->
			<class name="com.automation.newati.student.engagement.New.ApplyTabSimulationCardBackTest" />  	<!-- 3 test cases -->
			<class name="com.automation.newati.student.engagement.New.ApplyTabSimulationCardFrontTest" /> 	<!-- 5 test cases -->
			<class name="com.automation.newati.regression.learntab.EBook_2_Test" />							<!-- 3 test cases -->
			<class name="com.automation.newati.student.engagement.New.GeneralScenariosTest" />				<!-- 7 test cases -->
			<class name="com.automation.newati.student.engagement.New.HomeTabTest" />						<!-- 5 test cases -->
			<class name="com.automation.newati.student.engagement.New.LearnTabTutorialCardBackTest" />		<!-- 3 test cases -->
			<class name="com.automation.newati.student.engagement.New.LearnTabTutorialCardFrontTest" />		<!-- 4 test cases -->
			<class name="com.automation.newati.student.engagement.New.MyAtiTabTest" />						<!-- 2 test cases -->
			<class name="com.automation.newati.payament.PaymentRegression1" />								<!-- 10 test cases -->
			<class name="com.automation.newati.payament.PaymentRegression2" />								<!-- 8 test cases -->
			<class name="com.automation.newati.regression.hometab.VerifyHomePageRegressionTest" />			<!-- 3 test cases -->
			<class name="com.automation.newati.regression.logintab.VerifyLoginPageRegressionTest" />		<!-- 3 test cases -->
			<class name="com.automation.newati.student.engagement.New.TestTabTest" />						<!-- 2 test cases -->
		</classes>
	</test>

<!-- Total 5 -->
	<test name="Verification for Advertisement">
		<classes>
			<class name="com.automation.newati.login.ForgetPasswordTest">
				<methods>
					<include name="NewATI563_VerifyErrorMessageForInvalidEmail"></include>
				</methods>
			</class>
		</classes>
	</test>
	
	<test name="EBookTest1">
		<classes>
			<class name="com.automation.newati.regression.learntab.EBookTest1">
				<methods>
					<include name="NewATI905_VerifyEachModuleTitleForEBook"></include>
				</methods>
			</class>
		</classes>
	</test>
	
	<test name="Verification for focused review">
		<classes>
			<class name="com.automation.newati.myati.improvetab.VerifyFocusedReviewPDFCheckTest">
				<methods>
					<include name="NewATI38_CheckForFocusedReviewk"></include>
				</methods>
			</class>
		</classes>
	</test>
	
	<test name="Verification for reactivating the Instructor">
		<classes>
			<class name="com.automation.newati.login.LoginPageValidationTest">
				<methods>
					<include name="NewATI567_VerifyErorrMessageonTryingToReactivateInstructor"></include>
				</methods>
			</class>
		</classes>
	</test>
	
<!-- Total 5 -->
	<test name="Verification for Help tab FAQS section">
		<classes>
			<class name="com.automation.newati.login.LoginTest">
				<methods>
					<include name="NewATI775_VerifyFacultyCredentialLoginErrorMessage"></include>
					<include name="NewATI785_verifyFacultyLogoutStudentMimic"></include>
				</methods>
			</class>
		</classes>
	</test>
</suite>   

	


